{
  "temperature": [
    21.89492,
    21.89726,
    21.8998,
    21.89238,
    21.8998
  ],
  "pressure": [
    998.08374,
    998.08667,
    998.09204,
    998.0708,
    998.10547
  ],
  "altitude": [
    127.0416296277472,
    127.01693569571695,
    126.97167768597951,
    127.15068817294043,
    126.85849138508078
  ]
}